{"epochs": [0, 1, 2, 3, 4, 5, 6, 7, 8, 9], "losses": [0.16096371412277222, 0.09423644095659256, 0.06911211460828781, 0.047321807593107224, 0.03575083613395691, 0.04614235833287239, 0.03565887361764908, 0.02803136222064495, 0.024832628667354584, 0.02734863944351673]}